id,qid
1,Q1024943
2,Q1049248
3,Q1049274
4,Q11073552
5,Q1241319
6,Q1276162
7,Q129389
8,Q1385934
9,Q1435665
10,Q1451968
11,Q1454573
12,Q16540776
13,Q16544245
14,Q16544675
15,Q16563022
16,Q1657172
17,Q16577826
18,Q16577942
19,Q16587521
20,Q16592166
21,Q16608527
22,Q16616473
23,Q16616473
24,Q1700342
25,Q1707711
26,Q1750856
27,Q17525464
28,Q17612354
29,Q18397857
30,Q1878948
31,Q1952424
32,Q20018152
33,Q2004326
34,Q2053265
35,Q206404
36,Q2073174
37,Q2073408
38,Q20856286
39,Q2185489
40,Q24568165
41,Q24693406
42,Q24951597
43,Q27616561
44,Q27688767
45,Q28035250
46,Q2878575
47,Q2890339
48,Q2890891
49,Q2918089
50,Q2918942
51,Q3198233
52,Q3560239
53,Q3565234
54,Q3689605
55,Q3699202
56,Q3739792
57,Q3821476
58,Q43077814
59,Q43078824
60,Q43078876
61,Q43091014
62,Q43091636
63,Q43111423
64,Q43113884
65,Q43114526
66,Q43114744
67,Q43114910
68,Q43115365
69,Q43115678
70,Q43117395
71,Q43118063
72,Q43118435
73,Q43120071
74,Q43120080
75,Q43120095
76,Q43120105
77,Q43120118
78,Q43120126
79,Q43120135
80,Q43120147
81,Q43120156
82,Q43120167
83,Q43120174
84,Q43120184
85,Q43120194
86,Q43120206
87,Q43120211
88,Q43120219
89,Q43120224
90,Q43120237
91,Q43120244
92,Q43120256
93,Q43120267
94,Q43120681
95,Q43120694
96,Q43120714
97,Q43127913
98,Q43127922
99,Q43128388
100,Q43128416
101,Q43129419
102,Q43129451
103,Q43129461
104,Q43129477
105,Q43129488
106,Q43129497
107,Q43129516
108,Q43129543
109,Q43129568
110,Q43130885
111,Q43130894
112,Q43132256
113,Q43140505
114,Q43140547
115,Q43140574
116,Q43143513
117,Q43143573
118,Q43143593
119,Q43143605
120,Q43143617
121,Q43143640
122,Q43143658
123,Q43143662
124,Q43143676
125,Q43143688
126,Q43143696
127,Q43143717
128,Q43143757
129,Q43143761
130,Q43143764
131,Q43143772
132,Q43143785
133,Q43143810
134,Q43143820
135,Q43143832
136,Q43143843
137,Q43145524
138,Q43145531
139,Q43154558
140,Q43156591
141,Q43156716
142,Q43156830
143,Q43156984
144,Q43157097
145,Q43158321
146,Q43158346
147,Q43158663
148,Q43158676
149,Q43158943
150,Q43158953
151,Q43160845
152,Q43165664
153,Q43165676
154,Q43168681
155,Q43168901
156,Q43168914
157,Q43169094
158,Q43169120
159,Q43169246
160,Q43169288
161,Q43169297
162,Q43169528
163,Q43170209
164,Q43170369
165,Q43170376
166,Q43170534
167,Q43170565
168,Q43170577
169,Q43170656
170,Q43170722
171,Q43171397
172,Q43171481
173,Q43171559
174,Q43171574
175,Q43171574
176,Q43171583
177,Q43172060
178,Q43172123
179,Q43172186
180,Q43172315
181,Q43173042
182,Q43173184
183,Q43173288
184,Q43173831
185,Q43173847
186,Q43173903
187,Q43173945
188,Q43174079
189,Q43174098
190,Q43174112
191,Q43174123
192,Q43174159
193,Q43174197
194,Q43174312
195,Q43174312
196,Q43174312
197,Q43174319
198,Q43174341
199,Q43174366
200,Q43174381
201,Q43174469
202,Q43174594
203,Q43174605
204,Q43175282
205,Q43175453
206,Q43175541
207,Q43176155
208,Q43176168
209,Q43176231
210,Q43176258
211,Q43176454
212,Q43176520
213,Q43176550
214,Q43176948
215,Q43177072
216,Q43177092
217,Q43177100
218,Q43177155
219,Q43177227
220,Q43177266
221,Q43177395
222,Q43177410
223,Q43177503
224,Q43177519
225,Q43178216
226,Q43178542
227,Q43178548
228,Q43178554
229,Q43178561
230,Q43178568
231,Q43178575
232,Q43178708
233,Q43178713
234,Q43178722
235,Q43178728
236,Q43178749
237,Q43178759
238,Q43178788
239,Q43178806
240,Q43178806
241,Q43178818
242,Q43179063
243,Q43179076
244,Q43179084
245,Q43179093
246,Q43179102
247,Q43179102
248,Q43179134
249,Q43179160
250,Q43179165
251,Q43179191
252,Q43179202
253,Q43179216
254,Q43179216
255,Q43179241
256,Q43179250
257,Q43179261
258,Q43179297
259,Q43179566
260,Q43179613
261,Q43179741
262,Q4397801
263,Q4891034
264,Q5192633
265,Q5192637
266,Q5399068
267,Q5409313
268,Q5493020
269,Q5495085
270,Q5553936
271,Q5574972
272,Q5646903
273,Q56677165
274,Q56677184
275,Q56677648
276,Q56677668
277,Q5705046
278,Q5714931
279,Q5727908
280,Q5748232
281,Q5748356
282,Q5748392
283,Q5754109
284,Q5754207
285,Q5754559
286,Q5754892
287,Q5755139
288,Q5755355
289,Q5755409
290,Q5755506
291,Q5756303
292,Q5757430
293,Q5757508
294,Q5757552
295,Q5757559
296,Q5760332
297,Q5760341
298,Q5760372
299,Q5760449
300,Q5800691
301,Q5817402
302,Q5822058
303,Q5823584
304,Q5835906
305,Q5835936
306,Q5835964
307,Q5835985
308,Q5836033
309,Q5836047
310,Q5836080
311,Q5836082
312,Q5836162
313,Q5836194
314,Q5836248
315,Q5836296
316,Q5836593
317,Q5854376
318,Q5864162
319,Q5873064
320,Q5891149
321,Q5891151
322,Q5897722
323,Q5909048
324,Q5909060
325,Q5909064
326,Q5909067
327,Q5909315
328,Q5909546
329,Q5909548
330,Q5909551
331,Q5909729
332,Q5909934
333,Q5909980
334,Q5909992
335,Q5910005
336,Q5910336
337,Q5910365
338,Q5910492
339,Q5910514
340,Q5910699
341,Q5910712
342,Q5910930
343,Q5911002
344,Q5911170
345,Q5912035
346,Q5912213
347,Q59155748
348,Q59213382
349,Q59243833
350,Q5962729
351,Q5968885
352,Q599116
353,Q6017982
354,Q6020927
355,Q6020934
356,Q6020938
357,Q6020947
358,Q6020959
359,Q6032843
360,Q6039283
361,Q6057887
362,Q6058132
363,Q6063491
364,Q6063667
365,Q6079856
366,Q6080352
367,Q6090895
368,Q6095054
369,Q6139658
370,Q6150387
371,Q6162455
372,Q6169507
373,Q62363730
374,Q6405964
375,Q6447266
376,Q7414234
377,Q8342548
378,Q8352462
379,Q9006831
380,Q9082133
381,Q9089023
382,Q34485
383,Q34562
384,Q63368
